{"cameraMode":{"drawMode":0,"name":"Shaded","section":"Shading Mode"},"sceneLighting":false,"audioPlay":false,"sceneViewState":{"showFog":true,"showMaterialUpdate":false,"showSkybox":false,"showFlares":true,"showImageEffects":true,"showParticleSystems":true},"in2DMode":false,"pivot":{"x":8.300003051757813,"y":1.2999992370605469,"z":3.2999958992004396},"rotation":{"x":-0.20857703685760499,"y":0.21175448596477509,"z":-0.05693546682596207,"w":-0.9540510177612305},"size":47.87238693237305,"orthographic":true}