{"cameraMode":{"drawMode":0,"name":"Shaded","section":"Shading Mode"},"sceneLighting":false,"audioPlay":false,"sceneViewState":{"showFog":true,"showMaterialUpdate":false,"showSkybox":false,"showFlares":true,"showImageEffects":true,"showParticleSystems":true},"in2DMode":false,"pivot":{"x":37.58000183105469,"y":3.880000114440918,"z":0.0},"rotation":{"x":0.019842738285660745,"y":0.03713534027338028,"z":0.00840821024030447,"w":0.9998437762260437},"size":4.898979663848877,"orthographic":true}