{"cameraMode":{"drawMode":0,"name":"Shaded","section":"Shading Mode"},"sceneLighting":false,"audioPlay":false,"sceneViewState":{"showFog":true,"showMaterialUpdate":false,"showSkybox":false,"showFlares":true,"showImageEffects":true,"showParticleSystems":true},"in2DMode":false,"pivot":{"x":12.125114440917969,"y":20.31989097595215,"z":0.5319051742553711},"rotation":{"x":0.1947808414697647,"y":0.5641588568687439,"z":-0.1314702183008194,"w":0.7923058867454529},"size":10.402318954467774,"orthographic":true}