{"cameraMode":{"drawMode":0,"name":"Shaded","section":"Shading Mode"},"sceneLighting":false,"audioPlay":false,"sceneViewState":{"showFog":true,"showMaterialUpdate":false,"showSkybox":false,"showFlares":true,"showImageEffects":true,"showParticleSystems":true},"in2DMode":false,"pivot":{"x":0.0,"y":15.100000381469727,"z":0.8999996185302734},"rotation":{"x":0.2897410988807678,"y":-0.016200324520468713,"z":0.01571384072303772,"w":0.9576516151428223},"size":65.45109558105469,"orthographic":true}