{"cameraMode":{"drawMode":0,"name":"Shaded","section":"Shading Mode"},"sceneLighting":false,"audioPlay":false,"sceneViewState":{"showFog":true,"showMaterialUpdate":false,"showSkybox":false,"showFlares":true,"showImageEffects":true,"showParticleSystems":true},"in2DMode":false,"pivot":{"x":0.0,"y":15.100000381469727,"z":-7.700000762939453},"rotation":{"x":0.4552651345729828,"y":-0.00968205276876688,"z":0.015225104987621308,"w":0.8910306692123413},"size":46.0078239440918,"orthographic":true}