{"cameraMode":{"drawMode":0,"name":"Shaded","section":"Shading Mode"},"sceneLighting":false,"audioPlay":false,"sceneViewState":{"showFog":true,"showMaterialUpdate":false,"showSkybox":false,"showFlares":true,"showImageEffects":true,"showParticleSystems":true},"in2DMode":false,"pivot":{"x":0.586717963218689,"y":-0.4673290252685547,"z":-0.711534857749939},"rotation":{"x":0.2628363370895386,"y":-0.705890953540802,"z":0.32416272163391116,"w":0.572341799736023},"size":1.3265098333358765,"orthographic":true}