{"cameraMode":{"drawMode":0,"name":"Shaded","section":"Shading Mode"},"sceneLighting":false,"audioPlay":false,"sceneViewState":{"showFog":true,"showMaterialUpdate":false,"showSkybox":false,"showFlares":true,"showImageEffects":true,"showParticleSystems":true},"in2DMode":false,"pivot":{"x":0.0,"y":14.700000762939454,"z":2.6499404907226564},"rotation":{"x":0.26684507727622988,"y":-0.0050854128785431389,"z":0.01180681400001049,"w":0.9644646048545837},"size":69.24030303955078,"orthographic":true}