{"cameraMode":{"drawMode":0,"name":"Shaded","section":"Shading Mode"},"sceneLighting":false,"audioPlay":false,"sceneViewState":{"showFog":true,"showMaterialUpdate":false,"showSkybox":false,"showFlares":true,"showImageEffects":true,"showParticleSystems":true},"in2DMode":false,"pivot":{"x":1.3702116012573243,"y":1.7264034748077393,"z":1.3951090574264527},"rotation":{"x":-0.16468217968940736,"y":-0.23752041161060334,"z":0.031129145994782449,"w":-0.9576809406280518},"size":3.1663899421691896,"orthographic":true}