{"cameraMode":{"drawMode":0,"name":"Shaded","section":"Shading Mode"},"sceneLighting":false,"audioPlay":false,"sceneViewState":{"showFog":true,"showMaterialUpdate":false,"showSkybox":false,"showFlares":true,"showImageEffects":true,"showParticleSystems":true},"in2DMode":false,"pivot":{"x":-12.063098907470704,"y":4.165143966674805,"z":17.995975494384767},"rotation":{"x":0.08669193834066391,"y":-0.03450191766023636,"z":0.008730843663215638,"w":0.9962242245674133},"size":7.113664627075195,"orthographic":true}