{"cameraMode":{"drawMode":0,"name":"Shaded","section":"Shading Mode"},"sceneLighting":false,"audioPlay":false,"sceneViewState":{"showFog":true,"showMaterialUpdate":false,"showSkybox":false,"showFlares":true,"showImageEffects":true,"showParticleSystems":true},"in2DMode":false,"pivot":{"x":51.720001220703128,"y":14.799999237060547,"z":0.0},"rotation":{"x":0.06582637876272202,"y":0.6614661812782288,"z":-0.04326799511909485,"w":0.7467958331108093},"size":18.371173858642579,"orthographic":true}