{"cameraMode":{"drawMode":0,"name":"Shaded","section":"Shading Mode"},"sceneLighting":false,"audioPlay":false,"sceneViewState":{"showFog":true,"showMaterialUpdate":false,"showSkybox":false,"showFlares":true,"showImageEffects":true,"showParticleSystems":true},"in2DMode":false,"pivot":{"x":0.0016142874956130982,"y":1.1749999523162842,"z":-0.13444608449935914},"rotation":{"x":-0.038262903690338138,"y":0.08026215434074402,"z":-0.0031031707767397167,"w":-0.9960585236549377},"size":1.6163939237594605,"orthographic":true}