{"cameraMode":{"drawMode":0,"name":"Shaded","section":"Shading Mode"},"sceneLighting":false,"audioPlay":false,"sceneViewState":{"showFog":true,"showMaterialUpdate":false,"showSkybox":false,"showFlares":true,"showImageEffects":true,"showParticleSystems":true},"in2DMode":false,"pivot":{"x":0.00000762939453125,"y":57.236995697021487,"z":-1.0860595703125},"rotation":{"x":-0.08686025440692902,"y":0.8943347334861755,"z":-0.23100413382053376,"w":-0.3754536509513855},"size":178.41078186035157,"orthographic":true}