{"cameraMode":{"drawMode":0,"name":"Shaded","section":"Shading Mode"},"sceneLighting":false,"audioPlay":false,"sceneViewState":{"showFog":true,"showMaterialUpdate":false,"showSkybox":false,"showFlares":true,"showImageEffects":true,"showParticleSystems":true},"in2DMode":false,"pivot":{"x":26.420000076293947,"y":4.800000190734863,"z":0.0},"rotation":{"x":0.039911236613988879,"y":-0.30985426902770998,"z":0.02282140776515007,"w":0.9504783749580383},"size":8.66025447845459,"orthographic":true}