{"cameraMode":{"drawMode":0,"name":"Shaded","section":"Shading Mode"},"sceneLighting":false,"audioPlay":false,"sceneViewState":{"showFog":true,"showMaterialUpdate":false,"showSkybox":false,"showFlares":true,"showImageEffects":true,"showParticleSystems":true},"in2DMode":false,"pivot":{"x":0.0018929733196273447,"y":0.48291015625,"z":-0.11357824504375458},"rotation":{"x":-0.057570308446884158,"y":0.0014975208323448897,"z":0.0000862855595187284,"w":0.9983416199684143},"size":0.7808437347412109,"orthographic":true}